1	upstream	2026-07-17T03:31:46+00:00
2	fork	2026-07-17T03:31:54+00:00
3	upstream	2026-07-17T03:32:02+00:00
4	fork	2026-07-17T03:32:10+00:00
5	upstream	2026-07-17T03:32:18+00:00
6	fork	2026-07-17T03:32:27+00:00
7	upstream	2026-07-17T03:32:35+00:00
8	fork	2026-07-17T03:32:43+00:00
9	upstream	2026-07-17T03:32:51+00:00
10	fork	2026-07-17T03:32:59+00:00
11	upstream	2026-07-17T03:33:07+00:00
12	fork	2026-07-17T03:33:15+00:00
13	upstream	2026-07-17T03:33:23+00:00
14	fork	2026-07-17T03:33:31+00:00
15	upstream	2026-07-17T03:33:39+00:00
16	fork	2026-07-17T03:33:47+00:00
17	upstream	2026-07-17T03:33:55+00:00
18	fork	2026-07-17T03:34:03+00:00
19	upstream	2026-07-17T03:34:11+00:00
20	fork	2026-07-17T03:34:20+00:00
21	upstream	2026-07-17T03:34:28+00:00
22	fork	2026-07-17T03:34:36+00:00
23	upstream	2026-07-17T03:34:44+00:00
24	fork	2026-07-17T03:34:52+00:00
25	upstream	2026-07-17T03:35:00+00:00
26	fork	2026-07-17T03:35:08+00:00
27	upstream	2026-07-17T03:35:16+00:00
28	fork	2026-07-17T03:35:24+00:00
29	upstream	2026-07-17T03:35:32+00:00
30	fork	2026-07-17T03:35:40+00:00
31	upstream	2026-07-17T03:35:48+00:00
